name,type,kind,null?,default,primary key,unique key,check,expression,comment,policy name,privacy domain
TABLE_RECORD_CREATED_AT,VARCHAR(26),COLUMN,Y,,N,N,,,,,
TABLE_RECORD_UPDATED_AT,VARCHAR(26),COLUMN,Y,,N,N,,,,,
EVENT_TYPE,VARCHAR(16777216),COLUMN,Y,,N,N,,,,,
ORIGINAL_TX_ID,VARCHAR(16777216),COLUMN,Y,,N,N,,,,,
STORE_ID,VARCHAR(16777216),COLUMN,Y,,N,N,,,,,
CLIENT_REQUEST_ID,VARCHAR(16777216),COLUMN,Y,,N,N,,,,,
APP_ID,VARCHAR(16777216),COLUMN,Y,,N,N,,,,,
TX_ID_KEY,VARCHAR(16777216),COLUMN,Y,,N,N,,,,,
SURROGATE_APP_TX_ID,VARCHAR(16777216),COLUMN,Y,,N,N,,,,,
NSURE_UNIQUE_TX_ID,VARCHAR(16777216),COLUMN,Y,,N,N,,,,,
UNIQUE_USER_ID,VARCHAR(16777216),COLUMN,Y,,N,N,,,,,
TX_DATETIME,TIMESTAMP_NTZ(9),COLUMN,Y,,N,N,,,,,
TX_RECEIVED_DATETIME,TIMESTAMP_NTZ(9),COLUMN,Y,,N,N,,,,,
TX_UPLOADED_TO_SNOWFLAKE,TIMESTAMP_NTZ(9),COLUMN,Y,,N,N,,,,,
TX_TIMESTAMP_MS,"NUMBER(38,0)",COLUMN,Y,,N,N,,,,,
IS_SENT_FOR_NSURE_REVIEW,"NUMBER(1,0)",COLUMN,Y,,N,N,,,,,
AUTHORIZATION_STAGE,VARCHAR(16777216),COLUMN,Y,,N,N,,,,,
EMAIL,VARCHAR(16777216),COLUMN,Y,,N,N,,,,,
EMAIL_NORMALIZED,VARCHAR(16777216),COLUMN,Y,,N,N,,,,,
FIRST_NAME,VARCHAR(16777216),COLUMN,Y,,N,N,,,,,
LAST_NAME,VARCHAR(16777216),COLUMN,Y,,N,N,,,,,
PHONE_COUNTRY_CODE,VARCHAR(16777216),COLUMN,Y,,N,N,,,,,
PHONE_NUMBER,VARCHAR(16777216),COLUMN,Y,,N,N,,,,,
DATE_OF_BIRTH,TIMESTAMP_NTZ(9),COLUMN,Y,,N,N,,,,,
PERSONAL_INFO_ADDITIONAL_DATA,OBJECT,COLUMN,Y,,N,N,,,,,
MERCHANT_SEGMENT_ID,VARCHAR(16777216),COLUMN,Y,,N,N,,,,,
BILLING_ADDRESS,VARIANT,COLUMN,Y,,N,N,,,,,
CART,VARIANT,COLUMN,Y,,N,N,,,,,
CART_ITEMS_TYPES,ARRAY,COLUMN,Y,,N,N,,,,,
PRODUCT,VARCHAR(16777216),COLUMN,Y,,N,N,,,,,
CART_SKUS,ARRAY,COLUMN,Y,,N,N,,,,,
CART_BRANDS,ARRAY,COLUMN,Y,,N,N,,,,,
CART_ITEMS_ARE_GIFTS,ARRAY,COLUMN,Y,,N,N,,,,,
CART_ITEMS_FULFILLMENT,ARRAY,COLUMN,Y,,N,N,,,,,
CREDIT_USE,VARIANT,COLUMN,Y,,N,N,,,,,
PAID_AMOUNT_CURRENCY,VARCHAR(16777216),COLUMN,Y,,N,N,,,,,
PAID_AMOUNT_VALUE_IN_CURRENCY,FLOAT,COLUMN,Y,,N,N,,,,,
PROCESSING_FEE_CURRENCY,VARCHAR(16777216),COLUMN,Y,,N,N,,,,,
PROCESSING_FEE_VALUE_IN_CURRENCY,FLOAT,COLUMN,Y,,N,N,,,,,
BIN,VARCHAR(16777216),COLUMN,Y,,N,N,,,,,
LAST_FOUR,VARCHAR(16777216),COLUMN,Y,,N,N,,,,,
PAYMENT_METHOD,VARCHAR(16777216),COLUMN,Y,,N,N,,,,,
PROCESSOR,VARCHAR(16777216),COLUMN,Y,,N,N,,,,,
PROCESSOR_MERCHANT_IDENTIFIER,VARCHAR(16777216),COLUMN,Y,,N,N,,,,,
PAYMENT_METHOD_TOKEN,VARCHAR(16777216),COLUMN,Y,,N,N,,,,,
PAYMENT_METHOD_INTERNAL_IDENTIFIER,VARCHAR(16777216),COLUMN,Y,,N,N,,,,,
CARD_HOLDER_NAME,VARCHAR(16777216),COLUMN,Y,,N,N,,,,,
IS_THREE_D_SECURE_VERIFIED,"NUMBER(38,0)",COLUMN,Y,,N,N,,,,,
THREE_D_SECURE_RESULT,VARCHAR(16777216),COLUMN,Y,,N,N,,,,,
IS_UNDER_THREE_D_SECURE,"NUMBER(38,0)",COLUMN,Y,,N,N,,,,,
PAYPAL_EMAIL,VARCHAR(16777216),COLUMN,Y,,N,N,,,,,
PAYMENT_METHOD_DETAILS_ADDITIONAL_DATA,OBJECT,COLUMN,Y,,N,N,,,,,
IS_ANONYMOUS,"NUMBER(1,0)",COLUMN,Y,,N,N,,,,,
FAILURE_REASON,VARCHAR(16777216),COLUMN,Y,,N,N,,,,,
TRANSACTION_DETAILS_ADDITIONAL_DATA,OBJECT,COLUMN,Y,,N,N,,,,,
DEVICE_ID,VARCHAR(16777216),COLUMN,Y,,N,N,,,,,
IP,VARCHAR(16777216),COLUMN,Y,,N,N,,,,,
USER_AGENT,VARCHAR(16777216),COLUMN,Y,,N,N,,,,,
SESSION_INFO_LANGUAGE,VARCHAR(16777216),COLUMN,Y,,N,N,,,,,
SESSION_INFO_ADDITIONAL_DATA,OBJECT,COLUMN,Y,,N,N,,,,,
FIRST_RECIPIENT_INFO,VARIANT,COLUMN,Y,,N,N,,,,,
FIRST_RECIPIENT_EMAIL,VARCHAR(16777216),COLUMN,Y,,N,N,,,,,
FIRST_RECIPIENT_PHONE,VARCHAR(16777216),COLUMN,Y,,N,N,,,,,
ALL_RECIPIENT_INFO,ARRAY,COLUMN,Y,,N,N,,,,,
ALL_RECIPIENT_EMAILS,ARRAY,COLUMN,Y,,N,N,,,,,
ALL_RECIPIENT_EMAILS_NORMALIZED,ARRAY,COLUMN,Y,,N,N,,,,,
IS_GIFTING,"NUMBER(1,0)",COLUMN,Y,,N,N,,,,,
CART_DELIVERY_METHODS,ARRAY,COLUMN,Y,,N,N,,,,,
IS_DELIVERY_METHOD_EMAIL_ONLY,"NUMBER(1,0)",COLUMN,Y,,N,N,,,,,
IS_DELIVERY_METHOD_CONTAINING_ON_SCREEN,"NUMBER(1,0)",COLUMN,Y,,N,N,,,,,
PARTNER_ID,VARCHAR(16777216),COLUMN,Y,,N,N,,,,,
RISK_MODE,VARCHAR(16777216),COLUMN,Y,,N,N,,,,,
TX_ADDITIONAL_DATA,OBJECT,COLUMN,Y,,N,N,,,,,
CALCULATED_PROPS_ID,VARCHAR(16777216),COLUMN,Y,,N,N,,,,,
CALCULATED_PROPS_CREATED_DATETIME,TIMESTAMP_NTZ(9),COLUMN,Y,,N,N,,,,,
CALCULATED_PROPS_UPLOADED_TO_SNOWFLAKE,TIMESTAMP_NTZ(9),COLUMN,Y,,N,N,,,,,
CART_USD,VARIANT,COLUMN,Y,,N,N,,,,,
GMV,FLOAT,COLUMN,Y,,N,N,,,,,
IS_EMAIL_VERIFIED_BY_THIRD_PARTY,"NUMBER(38,0)",COLUMN,Y,,N,N,,,,,
IS_RECIPIENT_EMAIL_VERIFIED_BY_THIRD_PARTY,"NUMBER(38,0)",COLUMN,Y,,N,N,,,,,
EMAIL_FIRST_SEEN,TIMESTAMP_NTZ(9),COLUMN,Y,,N,N,,,,,
PAYPAL_EMAIL_FIRST_SEEN,TIMESTAMP_NTZ(9),COLUMN,Y,,N,N,,,,,
RECIPIENT_EMAIL_FIRST_SEEN,TIMESTAMP_NTZ(9),COLUMN,Y,,N,N,,,,,
EMAIL_DATA_THIRD_PARTY_RISK_SCORE,FLOAT,COLUMN,Y,,N,N,,,,,
IP_COUNTRY_CODE,VARCHAR(16777216),COLUMN,Y,,N,N,,,,,
IS_DEVICE_ID_AUTHENTICATED,"NUMBER(38,0)",COLUMN,Y,,N,N,,,,,
IS_PAYPAL_ADDRESS_CONFIRMED,"NUMBER(38,0)",COLUMN,Y,,N,N,,,,,
PIPL_INFO_AGE,VARIANT,COLUMN,Y,,N,N,,,,,
PIPL_INFO_PERSON,VARIANT,COLUMN,Y,,N,N,,,,,
IS_PROCESSOR_REPORTED_STOLEN_CARD,"NUMBER(38,0)",COLUMN,Y,,N,N,,,,,
IS_PROCESSOR_REJECTED_DUE_TO_FRAUD,"NUMBER(38,0)",COLUMN,Y,,N,N,,,,,
IP_ADDRESS_INFO,VARIANT,COLUMN,Y,,N,N,,,,,
ISP,VARCHAR(16777216),COLUMN,Y,,N,N,,,,,
ISP_ARRAY,VARIANT,COLUMN,Y,,N,N,,,,,
ASN,VARCHAR(16777216),COLUMN,Y,,N,N,,,,,
DAYS_FROM_FIRST_EMAIL_SEEN_TO_TX,"NUMBER(24,6)",COLUMN,Y,,N,N,,,,,
DAYS_FROM_FIRST_PAYPAL_EMAIL_SEEN_TO_TX,"NUMBER(24,6)",COLUMN,Y,,N,N,,,,,
DAYS_FROM_FIRST_RECIPIENT_EMAIL_SEEN_TO_TX,"NUMBER(24,6)",COLUMN,Y,,N,N,,,,,
MERCHANT_NAME,VARCHAR(16777216),COLUMN,Y,,N,N,,,,,
PARTNER_NAME,VARCHAR(16777216),COLUMN,Y,,N,N,,,,,
NSURE_DECISIONS,ARRAY,COLUMN,Y,,N,N,,,,,
COUNT_NSURE_DECISIONS,"NUMBER(18,0)",COLUMN,Y,,N,N,,,,,
NSURE_FIRST_DECISION,VARCHAR(16777216),COLUMN,Y,,N,N,,,,,
NSURE_FIRST_DECISION_DATETIME,TIMESTAMP_NTZ(9),COLUMN,Y,,N,N,,,,,
NSURE_LAST_DECISION,VARCHAR(16777216),COLUMN,Y,,N,N,,,,,
NSURE_LAST_DECISION_DATETIME,TIMESTAMP_NTZ(9),COLUMN,Y,,N,N,,,,,
NSURE_LAST_DECISION_UPLOADED_TO_SNOWFLAKE,TIMESTAMP_NTZ(9),COLUMN,Y,,N,N,,,,,
IS_REASSESSED_TX,"NUMBER(38,0)",COLUMN,Y,,N,N,,,,,
TRIGGERED_RULES,ARRAY,COLUMN,Y,,N,N,,,,,
COUNT_TRIGGERED_RULES,"NUMBER(9,0)",COLUMN,Y,,N,N,,,,,
RULE,VARCHAR(16777216),COLUMN,Y,,N,N,,,,,
RULE_DECISION,VARCHAR(16777216),COLUMN,Y,,N,N,,,,,
RULE_DESCRIPTION,VARCHAR(16777216),COLUMN,Y,,N,N,,,,,
IS_RULE_PARTICIPATING_IN_LFS_PO,"NUMBER(38,0)",COLUMN,Y,,N,N,,,,,
TRIGGERED_LFS_RULES,ARRAY,COLUMN,Y,,N,N,,,,,
MODEL_DECISION,VARCHAR(16777216),COLUMN,Y,,N,N,,,,,
MODEL_SCORE,FLOAT,COLUMN,Y,,N,N,,,,,
MODEL_VERSION,VARCHAR(16777216),COLUMN,Y,,N,N,,,,,
MODEL_APPROVAL_THRESHOLD,FLOAT,COLUMN,Y,,N,N,,,,,
MODEL_SOFT_APPROVAL_THRESHOLD,FLOAT,COLUMN,Y,,N,N,,,,,
REJECTION_REASON,VARCHAR(16777216),COLUMN,Y,,N,N,,,,,
NOT_REVIEWED_REASON,VARCHAR(16777216),COLUMN,Y,,N,N,,,,,
SIMULATED_DECISION,VARCHAR(16777216),COLUMN,Y,,N,N,,,,,
SIMULATED_SEGMENT_ID,VARCHAR(16777216),COLUMN,Y,,N,N,,,,,
NSURE_SEGMENT_ID,VARCHAR(16777216),COLUMN,Y,,N,N,,,,,
ADDITIONAL_SEGMENTS,VARIANT,COLUMN,Y,,N,N,,,,,
MERCHANT_LAST_DECISION_UPLOADED_TO_SNOWFLAKE,TIMESTAMP_NTZ(9),COLUMN,Y,,N,N,,,,,
MERCHANT_DECISIONS,ARRAY,COLUMN,Y,,N,N,,,,,
COUNT_MERCHANT_DECISIONS,"NUMBER(18,0)",COLUMN,Y,,N,N,,,,,
MERCHANT_LAST_DECISION,VARCHAR(16777216),COLUMN,Y,,N,N,,,,,
MERCHANT_LAST_DECISION_DATETIME,TIMESTAMP_NTZ(9),COLUMN,Y,,N,N,,,,,
IS_FAILED_TX,"NUMBER(1,0)",COLUMN,Y,,N,N,,,,,
IS_REVIEWED,"NUMBER(1,0)",COLUMN,Y,,N,N,,,,,
RAW_PROCESSOR_RESPONSE,VARIANT,COLUMN,Y,,N,N,,,,,
RAW_PROCESSOR_RESPONSE_SOURCE,VARCHAR(16777216),COLUMN,Y,,N,N,,,,,
RAW_PROCESSOR_REQUEST,VARIANT,COLUMN,Y,,N,N,,,,,
RAW_PROCESSOR_REQUEST_SOURCE,VARCHAR(16777216),COLUMN,Y,,N,N,,,,,
IS_UNDER_NSURE_LIABILITY,"NUMBER(1,0)",COLUMN,Y,,N,N,,,,,
IS_SOFT_APPROVED,"NUMBER(1,0)",COLUMN,Y,,N,N,,,,,
APP_INSTALL_DATETIME,TIMESTAMP_NTZ(9),COLUMN,Y,,N,N,,,,,
DEVICE_TYPE,VARCHAR(16777216),COLUMN,Y,,N,N,,,,,
DEVICE_MODEL,VARCHAR(16777216),COLUMN,Y,,N,N,,,,,
DEVICE_OS_VERSION,VARCHAR(16777216),COLUMN,Y,,N,N,,,,,
DEVICE_APP_INSTALL_SDK_VERSION,VARCHAR(16777216),COLUMN,Y,,N,N,,,,,
FIPP_VISITOR_ID,VARCHAR(16777216),COLUMN,Y,,N,N,,,,,
FIPP_IS_INCOGNITO,BOOLEAN,COLUMN,Y,,N,N,,,,,
DAYS_FROM_FIRST_APP_INSTALL_TO_TX,"NUMBER(24,6)",COLUMN,Y,,N,N,,,,,
CARD_BRAND,VARCHAR(16777216),COLUMN,Y,,N,N,,,,,
CARD_CATEGORY,VARCHAR(16777216),COLUMN,Y,,N,N,,,,,
CARD_TYPE,VARCHAR(16777216),COLUMN,Y,,N,N,,,,,
IS_CARD_COMMERCIAL,"NUMBER(38,0)",COLUMN,Y,,N,N,,,,,
IS_CARD_PREPAID,"NUMBER(38,0)",COLUMN,Y,,N,N,,,,,
CARD_ISSUER,VARCHAR(16777216),COLUMN,Y,,N,N,,,,,
BIN_COUNTRY_CODE,VARCHAR(16777216),COLUMN,Y,,N,N,,,,,
CARD_ISSUER_NORMALIZED,VARCHAR(16777216),COLUMN,Y,,N,N,,,,,
BIN_ADDITIONAL_DATA,OBJECT,COLUMN,Y,,N,N,,,,,
BIN_CREATED_TIME,TIMESTAMP_NTZ(9),COLUMN,Y,,N,N,,,,,
BIN_UPLOADED_TO_SNOWFLAKE,TIMESTAMP_NTZ(9),COLUMN,Y,,N,N,,,,,
HLR_PHONE_COUNTRY_CODE,VARCHAR(16777216),COLUMN,Y,,N,N,,,,,
HLR_IS_VALID,"NUMBER(38,0)",COLUMN,Y,,N,N,,,,,
HLR_NUMBER_VALID,"NUMBER(38,0)",COLUMN,Y,,N,N,,,,,
HLR_IS_MOBILE,"NUMBER(38,0)",COLUMN,Y,,N,N,,,,,
HLR_IS_PORTED,"NUMBER(38,0)",COLUMN,Y,,N,N,,,,,
HLR_IS_ROAMING,"NUMBER(38,0)",COLUMN,Y,,N,N,,,,,
HLR_NUMBER_TYPE,VARCHAR(16777216),COLUMN,Y,,N,N,,,,,
HLR_ORIGIN_NETWORK,VARCHAR(16777216),COLUMN,Y,,N,N,,,,,
HLR_STATUS,VARCHAR(16777216),COLUMN,Y,,N,N,,,,,
HLR_CURRENT_NETWORK,VARCHAR(16777216),COLUMN,Y,,N,N,,,,,
HLR_PORTED_NETWORK,VARCHAR(16777216),COLUMN,Y,,N,N,,,,,
HLR_ADDITIONAL_DATA,OBJECT,COLUMN,Y,,N,N,,,,,
HLR_CREATED_TIME,TIMESTAMP_NTZ(9),COLUMN,Y,,N,N,,,,,
HLR_UPLOADED_TO_SNOWFLAKE,TIMESTAMP_NTZ(9),COLUMN,Y,,N,N,,,,,
MAXMIND_IP_RISK_SCORE,FLOAT,COLUMN,Y,,N,N,,,,,
MAXMIND_RISK_SCORE,FLOAT,COLUMN,Y,,N,N,,,,,
MAXMIND_CREATED_TIME,TIMESTAMP_NTZ(9),COLUMN,Y,,N,N,,,,,
MAXMIND_UPLOADED_TO_SNOWFLAKE,TIMESTAMP_NTZ(9),COLUMN,Y,,N,N,,,,,
BUYER_EMAIL_SMTPV_RESPONSE,VARIANT,COLUMN,Y,,N,N,,,,,
SMTPV_BUYER_EMAIL_CREATED_TIME,TIMESTAMP_NTZ(9),COLUMN,Y,,N,N,,,,,
SMTPV_BUYER_EMAIL_UPLOADED_TO_SNOWFLAKE,TIMESTAMP_NTZ(9),COLUMN,Y,,N,N,,,,,
EMAIL_VALIDATION_CREATED,TIMESTAMP_NTZ(9),COLUMN,Y,,N,N,,,,,
EMAIL_VALIDATION_UPLOADED_TO_SNOWFLAKE,TIMESTAMP_NTZ(9),COLUMN,Y,,N,N,,,,,
IS_DISPOSABLE_EMAIL,"NUMBER(38,0)",COLUMN,Y,,N,N,,,,,
IS_FREEMAIL,"NUMBER(38,0)",COLUMN,Y,,N,N,,,,,
IS_PERSONAL_EMAIL,"NUMBER(38,0)",COLUMN,Y,,N,N,,,,,
IS_VALID_EMAIL,"NUMBER(38,0)",COLUMN,Y,,N,N,,,,,
EMAIL_VALIDATION_ADDITIONAL_DATA,OBJECT,COLUMN,Y,,N,N,,,,,
RECIPIENT_EMAIL_VALIDATION_CREATED,TIMESTAMP_NTZ(9),COLUMN,Y,,N,N,,,,,
RECIPIENT_EMAIL_VALIDATION_UPLOADED_TO_SNOWFLAKE,TIMESTAMP_NTZ(9),COLUMN,Y,,N,N,,,,,
IS_RECIPIENT_EMAIL_DISPOSABLE,"NUMBER(38,0)",COLUMN,Y,,N,N,,,,,
IS_RECIPIENT_EMAIL_FREEMAIL,"NUMBER(38,0)",COLUMN,Y,,N,N,,,,,
IS_RECIPIENT_EMAIL_PERSONAL,"NUMBER(38,0)",COLUMN,Y,,N,N,,,,,
IS_RECIPIENT_EMAIL_VALID,"NUMBER(38,0)",COLUMN,Y,,N,N,,,,,
RECIPIENT_EMAIL_VALIDATION_ADDITIONAL_DATA,OBJECT,COLUMN,Y,,N,N,,,,,
DISPUTES,ARRAY,COLUMN,Y,,N,N,,,,,
COUNT_DISPUTES,"NUMBER(18,0)",COLUMN,Y,,N,N,,,,,
FIRST_DISPUTE_DATETIME,TIMESTAMP_NTZ(9),COLUMN,Y,,N,N,,,,,
LAST_DISPUTE_DATETIME,TIMESTAMP_NTZ(9),COLUMN,Y,,N,N,,,,,
LAST_DISPUTE_UPLOADED_TO_SNOWFLAKE,TIMESTAMP_NTZ(9),COLUMN,Y,,N,N,,,,,
LAST_DISPUTE_AMOUNT,VARIANT,COLUMN,Y,,N,N,,,,,
LAST_DISPUTE_STATUS,VARCHAR(16777216),COLUMN,Y,,N,N,,,,,
LAST_DISPUTE_DECISION,VARCHAR(16777216),COLUMN,Y,,N,N,,,,,
IS_LAST_DISPUTE_FRAUD_RELATED_REASON,"NUMBER(38,0)",COLUMN,Y,,N,N,,,,,
LAST_DISPUTE_REASON,VARCHAR(16777216),COLUMN,Y,,N,N,,,,,
LAST_DISPUTE_SOURCE,VARIANT,COLUMN,Y,,N,N,,,,,
FIRST_NON_FRAUD_DISPUTE_DATETIME,TIMESTAMP_NTZ(9),COLUMN,Y,,N,N,,,,,
FRAUD_ALERTS,ARRAY,COLUMN,Y,,N,N,,,,,
COUNT_FRAUD_ALERTS,"NUMBER(18,0)",COLUMN,Y,,N,N,,,,,
FIRST_FRAUD_ALERT_DATETIME,TIMESTAMP_NTZ(9),COLUMN,Y,,N,N,,,,,
LAST_FRAUD_ALERT_DATETIME,TIMESTAMP_NTZ(9),COLUMN,Y,,N,N,,,,,
LAST_FRAUD_ALERT_UPLOADED_TO_SNOWFLAKE,TIMESTAMP_NTZ(9),COLUMN,Y,,N,N,,,,,
NSURE_INITIATED_REFUND_DATETIME,TIMESTAMP_NTZ(9),COLUMN,Y,,N,N,,,,,
LAST_NSURE_INITIATED_REFUND_UPLOADED_TO_SNOWFLAKE,TIMESTAMP_NTZ(9),COLUMN,Y,,N,N,,,,,
TX_REFUND_REASON,VARCHAR(16777216),COLUMN,Y,,N,N,,,,,
TX_REFUND_DATETIME,TIMESTAMP_NTZ(9),COLUMN,Y,,N,N,,,,,
TX_REFUND_UPLOADED_TO_SNOWFLAKE,TIMESTAMP_NTZ(9),COLUMN,Y,,N,N,,,,,
LAST_MAXMIND_MIN_FRAUD_ALERT_DATETIME,TIMESTAMP_NTZ(9),COLUMN,Y,,N,N,,,,,
LAST_MAXMIND_MIN_FRAUD_ALERT_UPLOADED_TO_SNOWFLAKE,TIMESTAMP_NTZ(9),COLUMN,Y,,N,N,,,,,
LAST_MAXMIND_MIN_FRAUD_ALERT_NEW_RISK_SCORE,FLOAT,COLUMN,Y,,N,N,,,,,
LAST_MAXMIND_MIN_FRAUD_ALERT_REASON_CODE,VARCHAR(16777216),COLUMN,Y,,N,N,,,,,
MAXMIND_MIN_FRAUD_ALERTS,ARRAY,COLUMN,Y,,N,N,,,,,
COUNT_MAXMIND_MIN_FRAUD_ALERTS,"NUMBER(18,0)",COLUMN,Y,,N,N,,,,,
BUYER_RETRY_TX_ID,VARCHAR(16777216),COLUMN,Y,,N,N,,,,,
NSURE_RETRY_TX_ID,VARCHAR(16777216),COLUMN,Y,,N,N,,,,,
LAST_RETRY_UPLOADED_TO_SNOWFLAKE,TIMESTAMP_NTZ(9),COLUMN,Y,,N,N,,,,,
FIRST_NSURE_TX_ATTEMPT_DATETIME,TIMESTAMP_NTZ(9),COLUMN,Y,,N,N,,,,,
FIRST_USER_TX_EVENT_DATETIME,TIMESTAMP_NTZ(9),COLUMN,Y,,N,N,,,,,
IS_USER_FIRST_TX_EVENT,"NUMBER(1,0)",COLUMN,Y,,N,N,,,,,
FIRST_USER_ACCOUNT_ACTIVITY_DATE,TIMESTAMP_NTZ(9),COLUMN,Y,,N,N,,,,,
FIRST_SIGN_IN_IDENTITY_PROVIDER,VARCHAR(16777216),COLUMN,Y,,N,N,,,,,
FIRST_USER_FAILED_KYC_DATETIME,TIMESTAMP_NTZ(9),COLUMN,Y,,N,N,,,,,
FIRST_USER_SUCCESSFULLY_FULFILLED_KYC_DATETIME,TIMESTAMP_NTZ(9),COLUMN,Y,,N,N,,,,,
FIRST_USER_TRIGGERED_KYC_DATETIME,TIMESTAMP_NTZ(9),COLUMN,Y,,N,N,,,,,
MODEL_MANAGER_TX_FEATURES_UPLOADED_TO_SNOWFLAKE,TIMESTAMP_NTZ(9),COLUMN,Y,,N,N,,,,,
FIRST_MERCHANT_ACCEPTED_DATETIME,TIMESTAMP_NTZ(9),COLUMN,Y,,N,N,,,,,
FIRST_PAYMENT_METHOD_ATTEMPT_DATETIME,TIMESTAMP_NTZ(9),COLUMN,Y,,N,N,,,,,
FIRST_TX_ATTEMPT_DATETIME,TIMESTAMP_NTZ(9),COLUMN,Y,,N,N,,,,,
DAYS_FROM_FIRST_TX_ATTEMPT_TO_TX,"NUMBER(24,6)",COLUMN,Y,,N,N,,,,,
DAYS_FROM_FIRST_USER_ACCOUNT_ACTIVITY_DATE_TO_TX,"NUMBER(24,6)",COLUMN,Y,,N,N,,,,,
FIRST_FRAUD_STATUS_DATETIME,TIMESTAMP_NTZ(9),COLUMN,Y,,N,N,,,,,
IS_FRAUD_TX,"NUMBER(1,0)",COLUMN,Y,,N,N,,,,,
IS_DISPUTED_NON_FRAUD_TX,"NUMBER(1,0)",COLUMN,Y,,N,N,,,,,
PAYMENT_METHOD_COUNTRY_CODE,VARCHAR(16777216),COLUMN,Y,,N,N,,,,,
DAYS_FROM_FIRST_MERCHANT_ACCEPTANCE_TO_TX,FLOAT,COLUMN,Y,,N,N,,,,,
DAYS_FROM_FIRST_PAYMENT_METHOD_ATTEMPT_TO_TX,FLOAT,COLUMN,Y,,N,N,,,,,
LOCAL_PART_TO_NAME_DISTANCE,FLOAT,COLUMN,Y,,N,N,,,,,
BUYER_NAME_TO_PIPL_NAME_DISTANCE,FLOAT,COLUMN,Y,,N,N,,,,,
PAYPAL_LOCAL_PART_TO_NAME_DISTANCE,FLOAT,COLUMN,Y,,N,N,,,,,
PERSONAL_INFO_EMAIL_TO_RECIPIENT_EMAIL_LOCAL_PARTS_DISTANCE,FLOAT,COLUMN,Y,,N,N,,,,,
GROUP_NEW_BUYERS_GMV_IN_LAST_DAY,FLOAT,COLUMN,Y,,N,N,,,,,
GROUP_NEW_PAYMENT_METHODS_GMV_IN_LAST_DAY,FLOAT,COLUMN,Y,,N,N,,,,,
GROUP_NEW_BUYERS_TXS_IN_LAST_DAY,FLOAT,COLUMN,Y,,N,N,,,,,
GROUP_NEW_PAYMENT_METHODS_TXS_IN_LAST_DAY,FLOAT,COLUMN,Y,,N,N,,,,,
GROUP_MAX_MAXMIND_RISK_SCORE,FLOAT,COLUMN,Y,,N,N,,,,,
GROUP_TX_FAILURE_COUNT,FLOAT,COLUMN,Y,,N,N,,,,,
GROUP_TX_FAILURE_GMV,FLOAT,COLUMN,Y,,N,N,,,,,
PM_ACCEPTED_TXS_COUNT,FLOAT,COLUMN,Y,,N,N,,,,,
USER_GRAPH_SIZE,FLOAT,COLUMN,Y,,N,N,,,,,
BIN_RISKY_GMV,FLOAT,COLUMN,Y,,N,N,,,,,
BUYER_AGE,FLOAT,COLUMN,Y,,N,N,,,,,
DAYS_FROM_VISITOR_ID_AGE,FLOAT,COLUMN,Y,,N,N,,,,,
IS_RECURRING_USER,"NUMBER(38,0)",COLUMN,Y,,N,N,,,,,
IS_NEW_BUYER__MODEL_FEATURE,"NUMBER(38,0)",COLUMN,Y,,N,N,,,,,
IS_NEW_PAYMENT_METHOD__MODEL_FEATURE,"NUMBER(38,0)",COLUMN,Y,,N,N,,,,,
IS_FREE_MAIL__MODEL_FEATURE,"NUMBER(38,0)",COLUMN,Y,,N,N,,,,,
IS_EMAIL_VERIFIED__MODEL_FEATURE,"NUMBER(38,0)",COLUMN,Y,,N,N,,,,,
ISSUER_RISKY_GMV__MODEL_FEATURE,FLOAT,COLUMN,Y,,N,N,,,,,
PM_COUNTRY_RISKY_GMV__MODEL_FEATURE,FLOAT,COLUMN,Y,,N,N,,,,,
SEASONALITY_ATTUNED_BIN_RISKY_GMV__MODEL_FEATURE,FLOAT,COLUMN,Y,,N,N,,,,,
CART_WITHOUT_FEE_ITEMS,ARRAY,COLUMN,Y,,N,N,,,,,
IS_DIGITAL,"NUMBER(1,0)",COLUMN,Y,,N,N,,,,,
IS_SUSPICIOUS_AMOUNT,"NUMBER(2,0)",COLUMN,Y,,N,N,,,,,
DAYS_FROM_STORE_FIRST_TX__MODEL_FEATURE,FLOAT,COLUMN,Y,,N,N,,,,,
DAYS_FROM_STORE_CREATION__MODEL_FEATURE,FLOAT,COLUMN,Y,,N,N,,,,,
AVS,VARCHAR(16777216),COLUMN,Y,,N,N,,,,,
PARSED_USER_AGENT,OBJECT,COLUMN,Y,,N,N,,,,,
PROD_RECIPIENT_INFO,VARIANT,COLUMN,Y,,N,N,,,,,
FIRST_USER_COMPLETED_KYC_RESULT,VARCHAR(16777216),COLUMN,Y,,N,N,,,,,
FIRST_USER_COMPLETED_KYC_TYPE,VARCHAR(16777216),COLUMN,Y,,N,N,,,,,
FIRST_USER_COMPLETED_KYC_PROVIDER,VARCHAR(16777216),COLUMN,Y,,N,N,,,,,
FIRST_USER_COMPLETED_NUM_OF_KYC_ATTEMPTS,VARCHAR(16777216),COLUMN,Y,,N,N,,,,,
FIRST_USER_COMPLETED_KYC_CREATE_DATE,TIMESTAMP_NTZ(9),COLUMN,Y,,N,N,,,,,
FIRST_USER_COMPLETED_KYC_REVIEW_ANSWER_OR_STATUS,VARCHAR(16777216),COLUMN,Y,,N,N,,,,,
FIRST_USER_COMPLETED_KYC_LEVEL_NAME,VARCHAR(16777216),COLUMN,Y,,N,N,,,,,
FIRST_USER_COMPLETED_KYC_DOCUMENT_TYPE,VARCHAR(16777216),COLUMN,Y,,N,N,,,,,
FIRST_USER_COMPLETED_KYC_FIRST_NAME,VARCHAR(16777216),COLUMN,Y,,N,N,,,,,
FIRST_USER_COMPLETED_KYC_LAST_NAME,VARCHAR(16777216),COLUMN,Y,,N,N,,,,,
FIRST_USER_COMPLETED_KYC_ADDRESS_COUNTRY_USER_INPUT,VARCHAR(16777216),COLUMN,Y,,N,N,,,,,
FIRST_USER_COMPLETED_KYC_STATE_USER_INPUT,VARCHAR(16777216),COLUMN,Y,,N,N,,,,,
FIRST_USER_COMPLETED_KYC_TOWN_USER_INPUT,VARCHAR(16777216),COLUMN,Y,,N,N,,,,,
FIRST_USER_COMPLETED_KYC_POST_CODE_USER_INPUT,VARCHAR(16777216),COLUMN,Y,,N,N,,,,,
FIRST_USER_COMPLETED_KYC_ID_POST_CODE_FROM_DOCS_ARRAY,VARCHAR(16777216),COLUMN,Y,,N,N,,,,,
FIRST_USER_COMPLETED_KYC_ID_COUNTRY_OF_BIRTH,VARCHAR(16777216),COLUMN,Y,,N,N,,,,,
FIRST_USER_COMPLETED_KYC_ID_ISSUING_COUNTRY_FROM_DOCS_ARRAY,VARCHAR(16777216),COLUMN,Y,,N,N,,,,,
CUSTODIAL_TYPE,VARCHAR(16777216),COLUMN,Y,,N,N,,,,,
SOFT_APPROVAL_POPULATIONS_LIST,VARIANT,COLUMN,Y,,N,N,,,,,
IS_SOFT_APPROVAL_CANDIDATE,VARIANT,COLUMN,Y,,N,N,,,,,
IS_ROUTER_DEVICE_ID_AUTHENTICATED,BOOLEAN,COLUMN,Y,,N,N,,,,,
REASSESSMENT_REJECTION_REASON,VARCHAR(16777216),COLUMN,Y,,N,N,,,,,
MILLISECONDS_FROM_SOFT_APPROVED_TO_REASSESSMENT_RESPONSE,"NUMBER(38,0)",COLUMN,Y,,N,N,,,,,
LAST_DISPUTE_SELLER_BUYER_CHAT,VARIANT,COLUMN,Y,,N,N,,,,,
LAST_DISPUTED_ITEM_BUYER_NOTES,VARCHAR(16777216),COLUMN,Y,,N,N,,,,,
BUYER_EMAIL_DOMAIN,VARCHAR(16777216),COLUMN,Y,,N,N,,,,,
REFUSAL_REASON,VARCHAR(16777216),COLUMN,Y,,N,N,,,,,
ENRICHED_TXS_UPLOADED_TO_SNOWFLAKE,TIMESTAMP_NTZ(9),COLUMN,Y,,N,N,,,,,
PRODUCT_TYPE,VARCHAR(16777216),COLUMN,Y,,N,N,,,,,
FIRST_USER_SUCCESSFULLY_FULFILLED_KYC_DATE_OF_BIRTH,VARCHAR(16777216),COLUMN,Y,,N,N,,,,,
KYC_USER_AGE,"NUMBER(19,6)",COLUMN,Y,,N,N,,,,,
STORE_FIRST_TX_TIMESTAMP,"NUMBER(38,0)",COLUMN,Y,,N,N,,,,,
FAILURE_CATEGORY,VARCHAR(16777216),COLUMN,Y,,N,N,,,,,
REASSESSMENT_RESULT,VARCHAR(16777216),COLUMN,Y,,N,N,,,,,
DAYS_FROM_CRYPTO_WALLET_FIRST_INCOMING_NATIVE_TX,FLOAT,COLUMN,Y,,N,N,,,,,
DAYS_FROM_CRYPTO_WALLET_FIRST_INCOMING_NON_NATIVE_TX,FLOAT,COLUMN,Y,,N,N,,,,,
DAYS_FROM_CRYPTO_WALLET_FIRST_OUTGOING_NATIVE_TX,FLOAT,COLUMN,Y,,N,N,,,,,
DAYS_FROM_CRYPTO_WALLET_FIRST_OUTGOING_NON_NATIVE_TX,FLOAT,COLUMN,Y,,N,N,,,,,
NORMALIZED_AVS_RESULT_CODE,VARCHAR(16777216),COLUMN,Y,,N,N,,,,,
PRODUCTION_PAYMENT_METHOD_TYPE,VARCHAR(16777216),COLUMN,Y,,N,N,,,,,
SELLER_ID,VARCHAR(16777216),COLUMN,Y,,N,N,,,,,
MERCHANT_KPI_UPDATE_ID,VARCHAR(16777216),COLUMN,Y,,N,N,,,,,
PRODUCT_COUNTRY_CODES,VARIANT,COLUMN,Y,,N,N,,,,,
DISTANCE_IP_PRODUCT__MODEL_FEATURE,FLOAT,COLUMN,Y,,N,N,,,,,
DISTANCE_LOCAL_PRODUCT__MODEL_FEATURE,FLOAT,COLUMN,Y,,N,N,,,,,
DISTANCE_PAYMENT_METHOD_PRODUCT__MODEL_FEATURE,FLOAT,COLUMN,Y,,N,N,,,,,
DISTANCE_PHONE_PRODUCT__MODEL_FEATURE,FLOAT,COLUMN,Y,,N,N,,,,,
MOST_EXPENSIVE_CART_USD_ITEM,VARIANT,COLUMN,Y,,N,N,,,,,
PRODUCT_REGIONS,VARIANT,COLUMN,Y,,N,N,,,,,
PRODUCT_PLATFORM,VARCHAR(16777216),COLUMN,Y,,N,N,,,,,
PRODUCT_GAMETITLE,VARCHAR(16777216),COLUMN,Y,,N,N,,,,,
LAST_REPORTED_ATTACK_ID,VARCHAR(16777216),COLUMN,Y,,N,N,,,,,
LAST_REPORTED_ATTACK_UPLOADED_TO_SNOWFLAKE,TIMESTAMP_NTZ(9),COLUMN,Y,,N,N,,,,,
IS_BTCC_TEST_TX_NOT_REVIEWED_BY_NSURE,BOOLEAN,COLUMN,Y,,N,N,,,,,
PARTNER_MAIN_PRODUCT_TYPE,VARCHAR(16777216),COLUMN,Y,,N,N,,,,,
PARTNER_INDUSTRY,VARCHAR(16777216),COLUMN,Y,,N,N,,,,,
IS_USER_FIRST_TX_ATTEMPT,"NUMBER(1,0)",COLUMN,Y,,N,N,,,,,